{
  "name": "Framework",
  "Node JS": ["node", "node JS", "nodeJS", "node.JS"],
  "React JS": ["React", "React JS", "ReactJS", "React.JS", "React_JS"],
  "Anguler Js": [
    "Angular",
    "Angular JS",
    "AngularJS",
    "Angular.JS",
    "Angular_JS"
  ],
  "React Native": [
    "React Native",
    "RactNative",
    "React_Native",
    "ReactNative JS",
    "ReactNative.js"
  ],
  "Chart JS": ["chart JS", "chartJS", "chart.JS"],
  "jQuery": ["j-Query", "jQuery"],
  "ionic": ["ionic", "ionic.js", "ionic js", "ionicJS"],
  "Redux": [
    "Redux",
    "Redux js",
    "ReduxJS",
    "react-redux",
    "Redux.JS",
    "Redux-Saga"
  ],
  "Express JS": ["Express", "Express JS", "ExpressJS"],
  "Vue js": ["Vue js", "Vue.js", "Vue"],
  "Bable JS": ["Bable JS", "Bable", "Bable.js", "BableJS", "Bable-JS"],
  "Webpack": [
    "Webpack",
    "Webpack js",
    "Webpack.js",
    "Webpack-npm",
    "Webpack npm"
  ],
  "Flask": ["Flask", "Flask-python"],
  "ASP.NET": ["ASP", "ASP.NET", "ASP NET"],
  "Django": ["django", "django-python"],
  "bootstrap": ["bootstrap"],
  "metiral UI": ["metiral UI", "metiralUI"],
  "Tailwind CSS": [
    "Tailwind css",
    "Tailwind",
    "Tailwind.css",
    "TailwindCSS",
    "Tailwind-CSS"
  ],
  "NPM": ["NPM", "node package manager"],
  "Laravel": ["laravel", "laravel-php", "laravel php"],
  "Flutter": ["Flutter", "Flutter dart", "Flutter.dart"]
}
