{
  "name": "Lanuages",
  "HTML": ["hypertext markup language", "HTML"],
  "CSS": ["CSS", "Cascading Style Sheets"],
  "Java": ["Java"],
  "JavaScript": ["JS", "JavaScript"],
  "Python": ["python"],
  "swift": ["swift", "swift-apple", "ios", "apple"],
  "C": ["C"],
  "C++": ["C++"],
  "C#": ["C#"],
  "Kotlin": ["android", "Kotlin"],
  "TypeScript": ["TypeScript", "TS", "Type Script"],
  "php": ["php", "Hypertext Preprocessor", "P.H.P", "P H P"],
  "SQL": ["SQL", "Structured Query Language"],
  "Go": ["GO", " golang"],
  "rust": ["rust"],
  "Ruby": ["Ruby"]
}
