{
  "name": "OtherSkils",
  "OOP": [
    "object oreinted",
    "OOP",
    "object oreinted",
    "object oriented concept"
  ],
  "agile": ["agile"],
  "API": ["Application programming interface", "API"],
  "GitHub": [
    "github",
    "git",
    "commit",
    "git pull",
    "git push",
    "git marge",
    "gitlab",
    "bigbucket"
  ],
  "CI/CD": ["CI/CD", "pipline"],
  "AWS": ["aws"],
  "AZURE": ["azure"],
  "DSA": ["DSA", "Data structure and algorithms", "D.S.A"],
  "LINUX": ["Linux", "unix"],
  "Windows": ["windows"],
  "Cryptography": ["Encryption", "Decryption", "cryptography"]
}
